cities,goa_s,goa_p
10,4.257454419,5.618115377
50,20.22635322,19.22723887
100,40.16052959,38.340202
150,60.09417236,56.9674989
200,80.60415044,68.2571578
